{
  "version": 1,
  "author": "YGOR DE ALMEIDA PEREIRA",
  "editor": "wokwi",
  "parts": [
    {
      "type": "board-st-nucleo-c031c6",
      "id": "nucleo",
      "top": 68.03,
      "left": -20.18,
      "attrs": {}
    },
    { "type": "wokwi-lcd1602", "id": "lcd1", "top": -102.17, "left": 246.4, "attrs": {} },
    { "type": "wokwi-membrane-keypad", "id": "keypad1", "top": -338, "left": -42.4, "attrs": {} }
  ],
  "connections": [
    [ "$serialMonitor:TX", "nucleo:PA3", "", [] ],
    [ "$serialMonitor:RX", "nucleo:PA2", "", [] ],
    [ "lcd1:VSS", "nucleo:GND.6", "black", [ "v28.8", "h-307.2", "v230.4" ] ],
    [ "lcd1:VDD", "nucleo:5V.2", "red", [ "v9.6", "h-326.3", "v240" ] ],
    [ "lcd1:RW", "nucleo:PD1", "blue", [ "v134.4", "h-316.9" ] ],
    [ "lcd1:RS", "nucleo:PD0", "blue", [ "v364.8", "h-354.9", "v-201.6" ] ],
    [ "lcd1:E", "nucleo:PD2", "blue", [ "v374.4", "h-384", "v-201.6" ] ],
    [ "lcd1:D0", "nucleo:PA0", "green", [ "v0" ] ],
    [ "lcd1:D1", "nucleo:PA1", "green", [ "v0" ] ],
    [ "lcd1:D2", "nucleo:PA2", "green", [ "v0" ] ],
    [ "lcd1:D3", "nucleo:PA3", "green", [ "v201.6", "h-124.9" ] ],
    [ "lcd1:D5", "nucleo:PA5", "green", [ "v0" ] ],
    [ "lcd1:D6", "nucleo:PA6", "green", [ "v0" ] ],
    [ "lcd1:D7", "nucleo:PA7", "green", [ "v0" ] ],
    [ "nucleo:PA4", "lcd1:D4", "green", [ "h0" ] ],
    [ "nucleo:GND.6", "lcd1:K", "black", [ "h0" ] ],
    [ "lcd1:A", "nucleo:5V.2", "red", [ "v0" ] ],
    [ "keypad1:R1", "nucleo:PB0.2", "gold", [ "v0" ] ],
    [ "keypad1:R2", "nucleo:PB1", "gold", [ "v0" ] ],
    [ "keypad1:R3", "nucleo:PB2", "gold", [ "v0" ] ],
    [ "keypad1:R4", "nucleo:PB3", "gold", [ "v0" ] ],
    [ "keypad1:C1", "nucleo:PB4", "purple", [ "v0" ] ],
    [ "keypad1:C2", "nucleo:PB5", "purple", [ "v0" ] ],
    [ "keypad1:C3", "nucleo:PB6", "purple", [ "v0" ] ],
    [ "keypad1:C4", "nucleo:PB7", "purple", [ "v0" ] ]
  ],
  "dependencies": {}
}